Name,Lineitem sku,Created at,Lineitem quantity,Lineitem price,Discount Amount,Shipping,Taxes
SHP-260801-00001,SHP-00013,2026-08-01 16:37:00 +0530,4,8709.80,223.84,0.00,645.61
SHP-260525-00002,SHP-00067,2026-05-25 14:21:00 +0530,1,1559.67,1.72,120.00,246.53
SHP-260608-00003,SHP-00080,2026-06-08 12:13:00 +0530,2,7595.36,572.57,0.00,582.74
SHP-260601-00004,SHP-00063,2026-06-01 17:39:00 +0530,2,517.74,3.63,80.00,49.32
SHP-260806-00005,SHP-00101,2026-08-06 18:11:00 +0530,2,2708.04,230.41,0.00,150.28
SHP-260811-00006,SHP-00008,2026-08-11 13:50:00 +0530,1,2954.00,283.99,40.00,255.30
SHP-260626-00007,SHP-00065,2026-06-26 18:35:00 +0530,4,8169.64,796.31,60.00,702.18
SHP-260514-00008,SHP-00062,2026-05-14 11:11:00 +0530,1,1511.83,11.23,0.00,163.14
SHP-260801-00009,SHP-00045,2026-08-01 10:18:00 +0530,4,1423.48,173.78,0.00,82.62
SHP-260620-00010,SHP-00067,2026-06-20 16:58:00 +0530,1,1739.49,63.92,0.00,259.04
SHP-260816-00011,SHP-00097,2026-08-16 08:32:00 +0530,1,1630.96,31.39,0.00,243.97
SHP-260826-00012,SHP-00085,2026-08-26 14:08:00 +0530,2,1795.86,48.45,60.00,94.67
SHP-260604-00013,SHP-00026,2026-06-04 13:17:00 +0530,4,5601.28,320.38,40.00,377.25
SHP-260528-00014,SHP-00050,2026-05-28 14:08:00 +0530,1,3561.07,560.83,40.00,190.51
SHP-260818-00015,SHP-00013,2026-08-18 20:55:00 +0530,1,2140.25,199.08,80.00,179.57
SHP-260702-00016,SHP-00010,2026-07-02 08:45:00 +0530,1,2859.24,428.82,80.00,178.81
SHP-260624-00017,SHP-00101,2026-06-24 16:49:00 +0530,1,1484.23,131.95,0.00,180.40
SHP-260528-00018,SHP-00117,2026-05-28 11:27:00 +0530,3,1257.06,4.59,40.00,153.00
SHP-260807-00019,SHP-00104,2026-08-07 18:45:00 +0530,1,3342.75,447.49,0.00,161.45
SHP-260510-00020,SHP-00041,2026-05-10 13:30:00 +0530,4,6689.40,643.75,0.00,876.65
SHP-260707-00021,SHP-00084,2026-07-07 17:26:00 +0530,2,3152.12,279.55,0.00,324.26
SHP-260802-00022,SHP-00015,2026-08-02 12:28:00 +0530,1,708.82,33.98,120.00,37.98
SHP-260825-00023,SHP-00044,2026-08-25 17:37:00 +0530,3,11710.77,74.73,40.00,745.97
SHP-260707-00024,SHP-00005,2026-07-07 18:29:00 +0530,2,4903.08,259.81,0.00,720.83
SHP-260801-00025,SHP-00071,2026-08-01 09:03:00 +0530,4,7173.72,100.96,0.00,714.99
SHP-260620-00026,SHP-00043,2026-06-20 14:56:00 +0530,1,929.71,67.72,0.00,64.88
SHP-260813-00027,SHP-00061,2026-08-13 11:07:00 +0530,1,2422.41,284.29,0.00,181.65
SHP-260716-00028,SHP-00106,2026-07-16 20:02:00 +0530,1,1796.52,240.65,80.00,57.61
SHP-260712-00029,SHP-00030,2026-07-12 16:00:00 +0530,1,1520.18,128.50,0.00,179.09
SHP-260610-00030,SHP-00030,2026-06-10 12:34:00 +0530,2,3175.04,11.51,0.00,346.63
SHP-260525-00031,SHP-00090,2026-05-25 17:26:00 +0530,2,2516.94,271.80,60.00,363.83
SHP-260729-00032,SHP-00033,2026-07-29 12:27:00 +0530,1,502.42,20.68,80.00,26.89
SHP-260716-00033,SHP-00045,2026-07-16 20:27:00 +0530,1,321.22,47.79,0.00,11.20
SHP-260517-00034,SHP-00105,2026-05-17 16:02:00 +0530,1,388.46,25.16,120.00,35.35
SHP-260509-00035,SHP-00041,2026-05-09 14:28:00 +0530,1,1511.98,135.68,0.00,61.68
SHP-260821-00036,SHP-00096,2026-08-21 08:54:00 +0530,1,1661.93,51.31,0.00,105.31
SHP-260609-00037,SHP-00025,2026-06-09 17:26:00 +0530,1,1507.64,151.23,0.00,78.16
SHP-260602-00038,SHP-00077,2026-06-02 20:39:00 +0530,2,3624.38,177.42,0.00,238.51
SHP-260620-00039,SHP-00006,2026-06-20 13:15:00 +0530,2,3062.22,402.68,0.00,271.00
SHP-260623-00040,SHP-00005,2026-06-23 15:11:00 +0530,3,7308.75,704.08,80.00,617.11
SHP-260609-00041,SHP-00119,2026-06-09 18:19:00 +0530,2,8386.44,1188.41,60.00,613.78
SHP-260516-00042,SHP-00108,2026-05-16 19:51:00 +0530,3,7308.48,1118.30,120.00,998.39
SHP-260827-00043,SHP-00050,2026-08-27 18:57:00 +0530,1,3592.28,413.65,80.00,180.13
SHP-260825-00044,SHP-00040,2026-08-25 16:33:00 +0530,1,1693.71,54.12,120.00,76.80
SHP-260630-00045,SHP-00103,2026-06-30 21:45:00 +0530,1,1507.74,108.16,60.00,223.09
SHP-260603-00046,SHP-00119,2026-06-03 09:36:00 +0530,2,8479.22,355.84,120.00,356.49
SHP-260703-00047,SHP-00091,2026-07-03 21:11:00 +0530,2,2857.30,289.04,0.00,461.78
SHP-260615-00048,SHP-00115,2026-06-15 09:23:00 +0530,1,2364.63,131.27,0.00,280.80
SHP-260510-00049,SHP-00065,2026-05-10 19:51:00 +0530,1,1986.29,104.29,120.00,80.87
SHP-260611-00050,SHP-00043,2026-06-11 10:20:00 +0530,1,879.81,84.78,0.00,133.71
SHP-260601-00051,SHP-00071,2026-06-01 12:41:00 +0530,3,5114.22,131.60,80.00,416.90
SHP-260602-00052,SHP-00087,2026-06-02 17:34:00 +0530,2,544.50,29.59,80.00,18.72
SHP-260615-00053,SHP-00102,2026-06-15 14:54:00 +0530,1,1766.35,211.61,0.00,202.00
SHP-260703-00054,SHP-00050,2026-07-03 12:25:00 +0530,3,10873.05,1573.30,60.00,1573.95
SHP-260604-00055,SHP-00079,2026-06-04 14:53:00 +0530,1,2105.81,26.03,80.00,106.75
SHP-260529-00056,SHP-00052,2026-05-29 14:59:00 +0530,4,4964.96,657.94,0.00,333.17
SHP-260711-00057,SHP-00099,2026-07-11 10:12:00 +0530,1,559.89,61.08,60.00,34.09
SHP-260525-00058,SHP-00071,2026-05-25 08:46:00 +0530,3,5405.01,677.50,0.00,275.81
SHP-260524-00059,SHP-00080,2026-05-24 19:58:00 +0530,1,3936.86,585.92,0.00,382.95
SHP-260515-00060,SHP-00001,2026-05-15 09:02:00 +0530,1,751.48,37.54,40.00,56.30
SHP-260601-00061,SHP-00063,2026-06-01 15:21:00 +0530,2,532.14,12.48,0.00,58.68
SHP-260730-00062,SHP-00020,2026-07-30 16:11:00 +0530,1,1516.26,64.93,0.00,212.19
SHP-260605-00063,SHP-00085,2026-06-05 21:23:00 +0530,2,1790.24,274.96,40.00,79.04
SHP-260731-00064,SHP-00120,2026-07-31 12:49:00 +0530,1,2798.65,417.55,80.00,302.16
SHP-260518-00065,SHP-00078,2026-05-18 13:43:00 +0530,4,2671.40,189.31,60.00,319.46
SHP-260630-00066,SHP-00032,2026-06-30 13:48:00 +0530,1,4113.69,621.30,80.00,186.26
SHP-260501-00067,SHP-00020,2026-05-01 18:32:00 +0530,3,4625.13,200.20,80.00,681.43
SHP-260508-00068,SHP-00080,2026-05-08 16:31:00 +0530,1,3994.51,477.75,0.00,197.58
SHP-260503-00069,SHP-00022,2026-05-03 08:06:00 +0530,1,3078.05,31.29,60.00,404.60
SHP-260605-00070,SHP-00091,2026-06-05 17:05:00 +0530,2,3154.04,401.77,0.00,140.94
SHP-260717-00071,SHP-00045,2026-07-17 20:12:00 +0530,2,716.72,23.82,0.00,91.76
SHP-260703-00072,SHP-00012,2026-07-03 21:21:00 +0530,1,1209.15,5.02,60.00,36.18
SHP-260601-00073,SHP-00004,2026-06-01 15:18:00 +0530,4,8160.16,186.94,120.00,732.07
SHP-260815-00074,SHP-00110,2026-08-15 12:18:00 +0530,2,3286.04,452.38,0.00,191.49
SHP-260706-00075,SHP-00028,2026-07-06 12:52:00 +0530,1,1822.78,147.81,0.00,78.57
SHP-260504-00076,SHP-00064,2026-05-04 17:32:00 +0530,1,1362.56,171.35,0.00,141.42
SHP-260727-00077,SHP-00011,2026-07-27 14:08:00 +0530,1,2341.63,367.58,0.00,111.35
SHP-260716-00078,SHP-00075,2026-07-16 19:54:00 +0530,2,1298.38,89.21,40.00,158.44
SHP-260517-00079,SHP-00112,2026-05-17 19:31:00 +0530,1,1435.13,186.12,0.00,101.76
SHP-260619-00080,SHP-00101,2026-06-19 18:00:00 +0530,1,1442.65,68.76,80.00,166.24
SHP-260719-00081,SHP-00012,2026-07-19 08:58:00 +0530,4,4613.12,442.78,40.00,469.56
SHP-260801-00082,SHP-00086,2026-08-01 16:10:00 +0530,2,3936.50,181.31,60.00,148.90
SHP-260604-00083,SHP-00028,2026-06-04 11:55:00 +0530,2,3706.74,197.43,120.00,458.16
SHP-260715-00084,SHP-00032,2026-07-15 20:09:00 +0530,1,4098.27,611.62,0.00,233.84
SHP-260708-00085,SHP-00089,2026-07-08 19:19:00 +0530,1,2840.86,8.52,120.00,297.92
SHP-260513-00086,SHP-00001,2026-05-13 15:23:00 +0530,1,776.14,105.64,120.00,95.76
SHP-260823-00087,SHP-00072,2026-08-23 16:29:00 +0530,1,2380.61,362.08,80.00,232.73
SHP-260619-00088,SHP-00113,2026-06-19 11:38:00 +0530,2,6004.36,561.64,0.00,170.99
SHP-260505-00089,SHP-00082,2026-05-05 12:53:00 +0530,4,10934.48,831.02,0.00,1108.84
SHP-260703-00090,SHP-00055,2026-07-03 12:42:00 +0530,4,7408.00,68.22,40.00,878.52
SHP-260624-00091,SHP-00073,2026-06-24 10:26:00 +0530,1,720.40,75.12,60.00,80.06
SHP-260825-00092,SHP-00011,2026-08-25 10:36:00 +0530,3,6987.48,495.17,60.00,498.39
SHP-260814-00093,SHP-00112,2026-08-14 11:25:00 +0530,1,1398.55,172.02,60.00,47.65
SHP-260825-00094,SHP-00088,2026-08-25 09:42:00 +0530,1,1657.44,30.02,0.00,212.06
SHP-260522-00095,SHP-00059,2026-05-22 11:37:00 +0530,1,3323.88,423.85,40.00,428.02
SHP-260801-00096,SHP-00099,2026-08-01 09:26:00 +0530,1,521.59,36.27,60.00,27.86
SHP-260523-00097,SHP-00089,2026-05-23 10:07:00 +0530,2,5784.02,187.79,0.00,933.34
SHP-260729-00098,SHP-00094,2026-07-29 21:41:00 +0530,2,6243.48,527.82,0.00,282.96
SHP-260711-00099,SHP-00114,2026-07-11 17:21:00 +0530,1,916.95,122.11,120.00,97.19
SHP-260528-00100,SHP-00076,2026-05-28 13:22:00 +0530,2,2223.94,58.68,40.00,252.71
SHP-260702-00101,SHP-00101,2026-07-02 18:04:00 +0530,3,4030.38,376.63,0.00,340.11
SHP-260824-00102,SHP-00078,2026-08-24 15:51:00 +0530,1,712.36,62.19,80.00,29.80
SHP-260501-00103,SHP-00020,2026-05-01 12:49:00 +0530,2,2784.40,401.26,0.00,376.81
SHP-260809-00104,SHP-00006,2026-08-09 14:50:00 +0530,1,1660.32,142.47,0.00,139.92
SHP-260714-00105,SHP-00094,2026-07-14 16:06:00 +0530,1,3429.31,302.05,60.00,554.93
SHP-260701-00106,SHP-00049,2026-07-01 12:03:00 +0530,1,2629.80,41.38,80.00,116.61
SHP-260720-00107,SHP-00038,2026-07-20 13:54:00 +0530,1,3223.13,454.62,120.00,353.20
SHP-260519-00108,SHP-00038,2026-05-19 14:57:00 +0530,1,3255.84,354.66,0.00,476.81
SHP-260824-00109,SHP-00110,2026-08-24 20:47:00 +0530,2,3528.94,214.98,60.00,457.12
SHP-260613-00110,SHP-00037,2026-06-13 08:58:00 +0530,4,5642.20,165.33,60.00,948.03
SHP-260730-00111,SHP-00028,2026-07-30 11:08:00 +0530,1,1959.63,236.06,0.00,73.92
SHP-260621-00112,SHP-00090,2026-06-21 12:55:00 +0530,1,1247.28,15.97,0.00,205.18
SHP-260722-00113,SHP-00099,2026-07-22 19:48:00 +0530,1,540.25,53.27,0.00,40.29
SHP-260810-00114,SHP-00019,2026-08-10 17:32:00 +0530,4,8384.32,299.75,0.00,288.08
SHP-260813-00115,SHP-00044,2026-08-13 15:14:00 +0530,2,8757.68,1393.31,0.00,734.60
SHP-260806-00116,SHP-00011,2026-08-06 09:41:00 +0530,2,5107.52,663.38,120.00,441.99
SHP-260521-00117,SHP-00041,2026-05-21 15:39:00 +0530,1,1642.28,164.35,0.00,159.48
SHP-260815-00118,SHP-00069,2026-08-15 12:43:00 +0530,1,728.99,88.68,0.00,73.41
SHP-260801-00119,SHP-00106,2026-08-01 17:40:00 +0530,2,3349.04,404.54,80.00,315.25
SHP-260628-00120,SHP-00061,2026-06-28 12:24:00 +0530,2,4929.28,236.80,40.00,282.89
SHP-260606-00121,SHP-00061,2026-06-06 14:41:00 +0530,2,4886.80,136.04,80.00,403.49
SHP-260611-00122,SHP-00088,2026-06-11 12:39:00 +0530,1,1811.81,194.50,40.00,120.90
SHP-260528-00123,SHP-00075,2026-05-28 11:22:00 +0530,2,1400.80,114.89,0.00,129.88
SHP-260713-00124,SHP-00113,2026-07-13 20:13:00 +0530,1,2922.77,216.18,0.00,442.20
SHP-260824-00125,SHP-00085,2026-08-24 13:02:00 +0530,1,1007.16,139.17,80.00,29.13
SHP-260810-00126,SHP-00075,2026-08-10 15:01:00 +0530,3,2012.58,178.54,60.00,124.47
SHP-260723-00127,SHP-00035,2026-07-23 09:07:00 +0530,2,7696.66,408.99,80.00,1121.86
SHP-260712-00128,SHP-00026,2026-07-12 09:28:00 +0530,1,1343.88,25.68,60.00,70.19
SHP-260622-00129,SHP-00066,2026-06-22 14:47:00 +0530,2,1989.68,89.46,0.00,145.81
SHP-260612-00130,SHP-00086,2026-06-12 21:05:00 +0530,4,7472.88,311.55,40.00,384.62
SHP-260810-00131,SHP-00015,2026-08-10 12:06:00 +0530,4,2684.76,363.99,60.00,79.21
SHP-260623-00132,SHP-00018,2026-06-23 18:47:00 +0530,3,4653.75,620.43,40.00,137.52
SHP-260602-00133,SHP-00099,2026-06-02 18:57:00 +0530,1,558.90,55.76,120.00,37.15
SHP-260706-00134,SHP-00069,2026-07-06 20:46:00 +0530,1,699.67,29.57,40.00,79.87
SHP-260530-00135,SHP-00096,2026-05-30 12:33:00 +0530,3,5285.61,7.89,0.00,749.59
SHP-260630-00136,SHP-00058,2026-06-30 16:14:00 +0530,1,996.90,139.96,80.00,31.61
SHP-260711-00137,SHP-00103,2026-07-11 16:39:00 +0530,1,1495.56,132.25,0.00,89.94
SHP-260528-00138,SHP-00116,2026-05-28 14:15:00 +0530,3,9706.98,229.44,60.00,1444.54
SHP-260704-00139,SHP-00021,2026-07-04 15:27:00 +0530,1,1190.02,124.15,60.00,87.46
SHP-260703-00140,SHP-00100,2026-07-03 12:18:00 +0530,1,1657.49,144.81,40.00,62.46
SHP-260510-00141,SHP-00104,2026-05-10 09:46:00 +0530,1,3337.67,165.76,0.00,425.54
SHP-260611-00142,SHP-00017,2026-06-11 14:59:00 +0530,1,2269.33,139.99,60.00,78.83
SHP-260721-00143,SHP-00022,2026-07-21 20:30:00 +0530,4,13195.48,728.29,0.00,673.74
SHP-260531-00144,SHP-00017,2026-05-31 13:22:00 +0530,2,4290.62,457.96,80.00,325.50
SHP-260823-00145,SHP-00065,2026-08-23 21:34:00 +0530,4,7651.24,842.04,40.00,1188.25
SHP-260731-00146,SHP-00011,2026-07-31 09:07:00 +0530,1,2554.14,351.96,60.00,336.55
SHP-260706-00147,SHP-00072,2026-07-06 13:46:00 +0530,2,4388.80,350.17,0.00,518.18
SHP-260616-00148,SHP-00012,2026-06-16 18:03:00 +0530,3,3503.70,5.68,80.00,433.46
SHP-260623-00149,SHP-00119,2026-06-23 18:07:00 +0530,1,4508.98,684.48,80.00,676.35
SHP-260516-00150,SHP-00078,2026-05-16 10:10:00 +0530,4,2842.44,68.99,80.00,131.79
SHP-260506-00151,SHP-00051,2026-05-06 14:54:00 +0530,1,753.37,2.49,40.00,134.49
SHP-260728-00152,SHP-00021,2026-07-28 19:59:00 +0530,1,1198.54,86.93,0.00,34.28
SHP-260625-00153,SHP-00094,2026-06-25 18:25:00 +0530,2,6550.18,100.69,0.00,450.98
SHP-260507-00154,SHP-00019,2026-05-07 17:34:00 +0530,2,4037.76,17.87,80.00,143.65
SHP-260514-00155,SHP-00029,2026-05-14 19:19:00 +0530,3,6310.23,407.03,120.00,313.92
SHP-260606-00156,SHP-00115,2026-06-06 09:03:00 +0530,3,7071.75,326.77,40.00,340.42
SHP-260504-00157,SHP-00051,2026-05-04 20:04:00 +0530,1,819.74,68.66,0.00,93.04
SHP-260509-00158,SHP-00013,2026-05-09 17:48:00 +0530,3,6304.98,577.74,0.00,243.37
SHP-260514-00159,SHP-00063,2026-05-14 08:36:00 +0530,1,264.89,30.91,0.00,9.35
SHP-260522-00160,SHP-00016,2026-05-22 13:08:00 +0530,2,2618.10,27.26,120.00,286.63
SHP-260729-00161,SHP-00065,2026-07-29 11:58:00 +0530,2,4188.02,559.63,0.00,342.68
SHP-260506-00162,SHP-00001,2026-05-06 10:57:00 +0530,1,769.03,10.44,0.00,66.30
SHP-260509-00163,SHP-00068,2026-05-09 11:03:00 +0530,1,4780.80,100.83,80.00,746.33
SHP-260516-00164,SHP-00061,2026-05-16 21:00:00 +0530,1,2332.93,24.75,60.00,179.29
SHP-260505-00165,SHP-00114,2026-05-05 11:19:00 +0530,2,1752.46,179.79,0.00,218.24
SHP-260602-00166,SHP-00101,2026-06-02 18:09:00 +0530,1,1346.41,39.46,120.00,126.45
SHP-260625-00167,SHP-00094,2026-06-25 18:55:00 +0530,1,3364.22,349.97,60.00,440.07
SHP-260731-00168,SHP-00099,2026-07-31 10:05:00 +0530,2,1129.32,64.77,80.00,77.13
SHP-260701-00169,SHP-00066,2026-07-01 20:20:00 +0530,1,910.72,135.73,0.00,103.38
SHP-260603-00170,SHP-00024,2026-06-03 08:41:00 +0530,2,3014.02,290.54,120.00,269.71
SHP-260617-00171,SHP-00080,2026-06-17 15:42:00 +0530,4,15624.68,1070.26,0.00,1365.66
SHP-260825-00172,SHP-00071,2026-08-25 16:39:00 +0530,1,1744.39,10.25,0.00,189.32
SHP-260511-00173,SHP-00083,2026-05-11 08:50:00 +0530,1,3695.26,155.22,80.00,436.95
SHP-260814-00174,SHP-00026,2026-08-14 16:08:00 +0530,1,1377.08,9.73,0.00,126.26
SHP-260824-00175,SHP-00118,2026-08-24 12:08:00 +0530,1,1400.45,111.66,120.00,146.69
SHP-260616-00176,SHP-00102,2026-06-16 14:44:00 +0530,2,3350.16,16.83,0.00,523.02
SHP-260715-00177,SHP-00042,2026-07-15 13:11:00 +0530,1,1414.33,35.17,60.00,151.72
SHP-260618-00178,SHP-00065,2026-06-18 17:06:00 +0530,1,1939.32,175.33,40.00,91.53
SHP-260519-00179,SHP-00103,2026-05-19 21:49:00 +0530,1,1530.38,106.21,0.00,236.68
SHP-260622-00180,SHP-00099,2026-06-22 14:33:00 +0530,1,521.18,35.09,0.00,63.34
SHP-260503-00181,SHP-00116,2026-05-03 11:56:00 +0530,2,6034.90,764.44,0.00,290.17
SHP-260612-00182,SHP-00076,2026-06-12 12:21:00 +0530,4,4175.32,556.65,60.00,219.68
SHP-260709-00183,SHP-00036,2026-07-09 09:53:00 +0530,4,2484.08,44.01,120.00,249.69
SHP-260719-00184,SHP-00054,2026-07-19 10:48:00 +0530,1,1321.76,95.86,0.00,190.94
SHP-260521-00185,SHP-00057,2026-05-21 08:02:00 +0530,1,596.92,21.13,0.00,68.55
SHP-260719-00186,SHP-00048,2026-07-19 17:16:00 +0530,2,3341.48,400.94,0.00,114.39
SHP-260625-00187,SHP-00091,2026-06-25 11:20:00 +0530,1,1582.39,141.97,0.00,152.25
SHP-260630-00188,SHP-00045,2026-06-30 09:47:00 +0530,4,1430.80,207.82,80.00,218.49
SHP-260821-00189,SHP-00038,2026-08-21 19:31:00 +0530,3,9073.74,1401.20,60.00,465.44
SHP-260610-00190,SHP-00073,2026-06-10 08:42:00 +0530,1,702.47,77.90,80.00,98.24
SHP-260608-00191,SHP-00103,2026-06-08 08:31:00 +0530,1,1624.59,39.69,80.00,212.03
SHP-260814-00192,SHP-00043,2026-08-14 11:06:00 +0530,2,1861.86,68.78,40.00,155.60
SHP-260614-00193,SHP-00074,2026-06-14 14:26:00 +0530,2,2667.56,247.14,0.00,218.94
SHP-260602-00194,SHP-00010,2026-06-02 15:20:00 +0530,4,11512.20,1374.60,40.00,880.52
SHP-260710-00195,SHP-00056,2026-07-10 13:17:00 +0530,1,2926.73,424.07,60.00,405.73
SHP-260825-00196,SHP-00106,2026-08-25 16:55:00 +0530,2,3636.96,287.96,120.00,446.49
SHP-260617-00197,SHP-00013,2026-06-17 09:30:00 +0530,3,6501.93,520.03,40.00,473.93
SHP-260707-00198,SHP-00101,2026-07-07 20:21:00 +0530,1,1423.33,118.43,0.00,64.41
SHP-260529-00199,SHP-00076,2026-05-29 12:58:00 +0530,1,1066.50,119.80,0.00,153.53
SHP-260810-00200,SHP-00039,2026-08-10 19:27:00 +0530,2,1001.96,47.47,0.00,154.02
SHP-260517-00201,SHP-00062,2026-05-17 15:16:00 +0530,2,2955.12,356.08,120.00,145.54
SHP-260819-00202,SHP-00018,2026-08-19 10:08:00 +0530,1,1579.45,34.53,120.00,191.42
SHP-260508-00203,SHP-00046,2026-05-08 20:09:00 +0530,2,5446.66,135.52,80.00,602.97
SHP-260513-00204,SHP-00038,2026-05-13 09:12:00 +0530,1,3118.13,97.13,0.00,418.82
SHP-260516-00205,SHP-00055,2026-05-16 15:32:00 +0530,2,3461.42,420.11,0.00,289.23
SHP-260512-00206,SHP-00112,2026-05-12 16:31:00 +0530,1,1310.00,184.03,40.00,150.47
SHP-260619-00207,SHP-00084,2026-06-19 09:28:00 +0530,2,3015.30,10.86,80.00,141.71
SHP-260820-00208,SHP-00112,2026-08-20 17:23:00 +0530,1,1349.74,23.56,0.00,222.13
SHP-260813-00209,SHP-00015,2026-08-13 16:50:00 +0530,2,1397.58,128.58,0.00,132.27
SHP-260811-00210,SHP-00097,2026-08-11 13:45:00 +0530,3,4651.71,513.62,0.00,415.04
SHP-260507-00211,SHP-00014,2026-05-07 18:28:00 +0530,1,3474.70,152.08,0.00,432.25
SHP-260806-00212,SHP-00012,2026-08-06 17:15:00 +0530,2,2338.50,84.17,40.00,317.47
SHP-260618-00213,SHP-00006,2026-06-18 19:24:00 +0530,2,3120.00,367.40,80.00,476.46
SHP-260731-00214,SHP-00008,2026-07-31 11:25:00 +0530,2,5967.22,109.82,120.00,215.64
SHP-260620-00215,SHP-00059,2026-06-20 08:58:00 +0530,1,3474.82,258.66,0.00,515.47
SHP-260818-00216,SHP-00089,2026-08-18 17:39:00 +0530,4,12106.52,39.79,0.00,2155.91
SHP-260709-00217,SHP-00040,2026-07-09 10:22:00 +0530,3,5377.65,10.54,0.00,516.83
SHP-260720-00218,SHP-00029,2026-07-20 10:02:00 +0530,2,4050.68,375.42,120.00,593.99
SHP-260531-00219,SHP-00108,2026-05-31 18:10:00 +0530,4,9862.12,907.87,0.00,1324.86
SHP-260525-00220,SHP-00025,2026-05-25 12:18:00 +0530,3,4391.73,514.11,0.00,495.12
SHP-260529-00221,SHP-00008,2026-05-29 10:18:00 +0530,4,11175.08,392.62,40.00,877.32
SHP-260502-00222,SHP-00033,2026-05-02 18:03:00 +0530,1,474.32,20.80,40.00,81.12
SHP-260630-00223,SHP-00061,2026-06-30 11:53:00 +0530,1,2269.21,213.15,0.00,217.63
SHP-260519-00224,SHP-00023,2026-05-19 08:33:00 +0530,1,4157.48,172.18,120.00,625.17
SHP-260822-00225,SHP-00006,2026-08-22 19:09:00 +0530,2,3361.98,129.25,0.00,504.24
SHP-260622-00226,SHP-00017,2026-06-22 14:21:00 +0530,1,2093.85,293.29,80.00,116.06
SHP-260703-00227,SHP-00014,2026-07-03 16:36:00 +0530,1,3452.27,381.31,120.00,357.12
SHP-260605-00228,SHP-00091,2026-06-05 11:37:00 +0530,4,6101.72,629.88,60.00,661.87
SHP-260821-00229,SHP-00024,2026-08-21 16:44:00 +0530,1,1564.35,240.25,80.00,202.73
SHP-260611-00230,SHP-00029,2026-06-11 12:30:00 +0530,1,2007.68,1.12,40.00,351.17
SHP-260729-00231,SHP-00081,2026-07-29 18:14:00 +0530,1,386.73,49.71,60.00,60.64
SHP-260618-00232,SHP-00108,2026-06-18 13:09:00 +0530,1,2407.38,6.71,0.00,113.21
SHP-260510-00233,SHP-00099,2026-05-10 14:42:00 +0530,2,1148.84,40.64,0.00,51.30
SHP-260620-00234,SHP-00050,2026-06-20 10:51:00 +0530,1,3389.34,534.32,40.00,139.35
SHP-260502-00235,SHP-00113,2026-05-02 16:00:00 +0530,1,3008.34,131.57,0.00,87.54
SHP-260827-00236,SHP-00025,2026-08-27 16:03:00 +0530,4,5937.40,191.51,60.00,775.65
SHP-260717-00237,SHP-00076,2026-07-17 12:47:00 +0530,4,4390.08,184.67,60.00,203.15
SHP-260718-00238,SHP-00007,2026-07-18 09:05:00 +0530,1,3167.59,104.45,0.00,247.67
SHP-260605-00239,SHP-00002,2026-06-05 16:40:00 +0530,1,3487.98,173.78,0.00,427.86
SHP-260604-00240,SHP-00061,2026-06-04 11:25:00 +0530,2,4686.38,449.73,40.00,736.41
SHP-260725-00241,SHP-00051,2026-07-25 19:48:00 +0530,1,754.47,102.56,120.00,44.50
SHP-260510-00242,SHP-00115,2026-05-10 14:26:00 +0530,1,2541.99,149.47,0.00,186.86
SHP-260506-00243,SHP-00077,2026-05-06 16:39:00 +0530,2,3689.22,526.35,0.00,112.00
SHP-260629-00244,SHP-00018,2026-06-29 19:53:00 +0530,4,6817.92,242.93,60.00,545.21
SHP-260624-00245,SHP-00043,2026-06-24 13:27:00 +0530,2,1828.24,17.20,40.00,296.75
SHP-260727-00246,SHP-00004,2026-07-27 12:37:00 +0530,1,1859.28,214.72,0.00,186.66
SHP-260508-00247,SHP-00058,2026-05-08 16:36:00 +0530,4,3818.96,301.95,0.00,193.50
SHP-260519-00248,SHP-00052,2026-05-19 13:50:00 +0530,1,1251.86,62.37,0.00,148.15
SHP-260618-00249,SHP-00076,2026-06-18 13:25:00 +0530,2,2151.64,154.73,80.00,177.79
SHP-260608-00250,SHP-00009,2026-06-08 09:34:00 +0530,1,1055.09,5.84,0.00,74.78
SHP-260705-00251,SHP-00080,2026-07-05 09:00:00 +0530,3,12390.12,1578.14,40.00,483.76
SHP-260527-00252,SHP-00110,2026-05-27 18:00:00 +0530,2,3289.52,315.04,80.00,250.80
SHP-260612-00253,SHP-00116,2026-06-12 10:01:00 +0530,1,3242.15,272.79,0.00,291.95
SHP-260504-00254,SHP-00053,2026-05-04 12:53:00 +0530,1,850.32,59.64,80.00,33.38
SHP-260816-00255,SHP-00035,2026-08-16 17:19:00 +0530,1,3558.06,336.50,0.00,536.33
SHP-260503-00256,SHP-00097,2026-05-03 09:34:00 +0530,2,3229.12,423.53,80.00,249.10
SHP-260818-00257,SHP-00108,2026-08-18 10:21:00 +0530,1,2443.92,150.61,120.00,204.66
SHP-260603-00258,SHP-00061,2026-06-03 09:30:00 +0530,2,4690.60,463.04,0.00,165.41
SHP-260716-00259,SHP-00012,2026-07-16 09:42:00 +0530,1,1175.58,159.18,80.00,87.63
SHP-260518-00260,SHP-00080,2026-05-18 21:09:00 +0530,2,7970.66,985.42,60.00,408.68
SHP-260608-00261,SHP-00059,2026-06-08 18:31:00 +0530,1,3365.79,204.42,60.00,514.50
SHP-260721-00262,SHP-00011,2026-07-21 09:06:00 +0530,4,10183.04,273.62,0.00,722.09
SHP-260617-00263,SHP-00088,2026-06-17 13:39:00 +0530,2,3556.08,108.16,0.00,167.31
SHP-260608-00264,SHP-00118,2026-06-08 17:51:00 +0530,4,5277.92,485.04,40.00,545.19
SHP-260511-00265,SHP-00088,2026-05-11 11:24:00 +0530,2,3496.00,345.91,80.00,216.16
SHP-260601-00266,SHP-00110,2026-06-01 15:59:00 +0530,1,1707.33,268.63,0.00,236.48
SHP-260517-00267,SHP-00012,2026-05-17 16:12:00 +0530,2,2307.34,29.45,0.00,144.08
SHP-260611-00268,SHP-00047,2026-06-11 08:20:00 +0530,4,8185.24,928.83,120.00,661.54
SHP-260522-00269,SHP-00096,2026-05-22 13:05:00 +0530,1,1707.55,30.69,0.00,105.00
SHP-260625-00270,SHP-00011,2026-06-25 17:33:00 +0530,1,2415.21,200.02,40.00,80.88
SHP-260615-00271,SHP-00064,2026-06-15 21:01:00 +0530,2,2737.92,153.39,40.00,165.32
SHP-260726-00272,SHP-00108,2026-07-26 09:48:00 +0530,1,2322.16,23.37,60.00,293.85
SHP-260727-00273,SHP-00088,2026-07-27 11:37:00 +0530,4,6933.44,293.23,120.00,805.40
SHP-260826-00274,SHP-00057,2026-08-26 16:00:00 +0530,1,578.46,14.29,0.00,27.41
SHP-260702-00275,SHP-00104,2026-07-02 09:28:00 +0530,2,6562.90,553.49,120.00,807.47
SHP-260602-00276,SHP-00078,2026-06-02 11:36:00 +0530,3,2116.20,334.31,80.00,152.44
SHP-260620-00277,SHP-00069,2026-06-20 09:16:00 +0530,2,1483.44,210.23,80.00,104.91
SHP-260712-00278,SHP-00085,2026-07-12 11:10:00 +0530,2,1966.92,132.22,80.00,195.04
SHP-260701-00279,SHP-00041,2026-07-01 21:34:00 +0530,1,1552.19,242.08,120.00,86.76
SHP-260722-00280,SHP-00033,2026-07-22 20:16:00 +0530,2,1024.90,148.50,60.00,100.37
SHP-260821-00281,SHP-00032,2026-08-21 19:43:00 +0530,2,8587.34,819.69,40.00,678.85
SHP-260826-00282,SHP-00111,2026-08-26 20:37:00 +0530,2,1152.12,109.75,80.00,182.48
SHP-260504-00283,SHP-00052,2026-05-04 12:21:00 +0530,2,2336.82,205.65,40.00,180.54
SHP-260802-00284,SHP-00041,2026-08-02 19:10:00 +0530,1,1569.12,24.08,60.00,177.26
SHP-260806-00285,SHP-00063,2026-08-06 12:33:00 +0530,2,557.86,32.27,40.00,35.38
SHP-260724-00286,SHP-00099,2026-07-24 08:57:00 +0530,1,529.37,66.58,80.00,62.84
SHP-260616-00287,SHP-00069,2026-06-16 09:00:00 +0530,1,703.57,70.83,80.00,75.71
SHP-260820-00288,SHP-00069,2026-08-20 10:50:00 +0530,1,698.35,101.34,0.00,64.35
SHP-260703-00289,SHP-00105,2026-07-03 15:35:00 +0530,2,772.66,91.74,0.00,96.33
SHP-260501-00290,SHP-00023,2026-05-01 16:31:00 +0530,2,8250.42,1071.33,120.00,273.36
SHP-260819-00291,SHP-00065,2026-08-19 15:22:00 +0530,1,1887.54,216.89,120.00,111.11
SHP-260702-00292,SHP-00064,2026-07-02 20:28:00 +0530,1,1388.46,219.20,0.00,206.92
SHP-260526-00293,SHP-00072,2026-05-26 19:00:00 +0530,1,2347.38,94.29,40.00,274.47
SHP-260602-00294,SHP-00073,2026-06-02 19:44:00 +0530,1,705.64,18.75,0.00,85.10
SHP-260527-00295,SHP-00032,2026-05-27 09:57:00 +0530,4,17408.04,549.81,120.00,721.44
SHP-260519-00296,SHP-00118,2026-05-19 12:13:00 +0530,4,5478.36,447.04,0.00,371.08
SHP-260827-00297,SHP-00064,2026-08-27 21:35:00 +0530,1,1316.12,80.61,40.00,195.84
SHP-260622-00298,SHP-00037,2026-06-22 09:48:00 +0530,1,1400.47,61.25,0.00,52.60
SHP-260702-00299,SHP-00106,2026-07-02 16:18:00 +0530,2,3506.96,397.16,120.00,403.66
SHP-260530-00300,SHP-00048,2026-05-30 11:57:00 +0530,2,3263.36,118.91,80.00,562.92
SHP-260531-00301,SHP-00092,2026-05-31 10:44:00 +0530,3,4287.78,142.81,80.00,517.65
SHP-260514-00302,SHP-00026,2026-05-14 14:46:00 +0530,1,1350.42,103.68,0.00,144.71
SHP-260505-00303,SHP-00110,2026-05-05 19:20:00 +0530,2,3349.98,179.79,0.00,206.82
SHP-260808-00304,SHP-00097,2026-08-08 21:34:00 +0530,1,1532.56,66.33,60.00,53.83
SHP-260622-00305,SHP-00019,2026-06-22 18:48:00 +0530,1,2206.31,206.30,0.00,263.74
SHP-260710-00306,SHP-00072,2026-07-10 17:00:00 +0530,4,9492.12,349.14,0.00,1168.27
SHP-260709-00307,SHP-00036,2026-07-09 19:51:00 +0530,4,2376.56,379.40,120.00,154.92
SHP-260825-00308,SHP-00053,2026-08-25 14:40:00 +0530,1,826.09,17.24,40.00,75.51
SHP-260628-00309,SHP-00068,2026-06-28 11:45:00 +0530,1,4973.54,124.32,0.00,452.45
SHP-260804-00310,SHP-00049,2026-08-04 12:36:00 +0530,1,2547.00,138.27,80.00,348.23
SHP-260510-00311,SHP-00026,2026-05-10 13:51:00 +0530,2,2927.56,271.00,80.00,401.96
SHP-260624-00312,SHP-00104,2026-06-24 13:47:00 +0530,4,12807.60,1201.56,0.00,1130.36
SHP-260508-00313,SHP-00003,2026-05-08 10:30:00 +0530,4,862.08,27.15,0.00,91.99
SHP-260520-00314,SHP-00032,2026-05-20 20:58:00 +0530,2,8692.84,498.48,80.00,252.87
SHP-260710-00315,SHP-00118,2026-07-10 11:04:00 +0530,4,5432.48,379.33,0.00,674.55
SHP-260828-00316,SHP-00005,2026-08-28 14:16:00 +0530,1,2279.14,59.42,0.00,285.96
SHP-260508-00317,SHP-00084,2026-05-08 11:42:00 +0530,2,3293.94,503.83,40.00,138.39
SHP-260511-00318,SHP-00095,2026-05-11 21:24:00 +0530,2,6432.04,5.80,0.00,1139.57
SHP-260506-00319,SHP-00074,2026-05-06 21:39:00 +0530,2,2456.72,245.03,0.00,236.96
SHP-260705-00320,SHP-00118,2026-07-05 10:11:00 +0530,2,2650.92,293.04,80.00,323.83
SHP-260622-00321,SHP-00031,2026-06-22 18:01:00 +0530,1,1914.80,41.55,0.00,241.45
SHP-260811-00322,SHP-00029,2026-08-11 17:22:00 +0530,1,2192.98,106.31,0.00,132.11
SHP-260710-00323,SHP-00093,2026-07-10 21:34:00 +0530,2,1435.22,143.74,80.00,132.13
SHP-260625-00324,SHP-00013,2026-06-25 08:11:00 +0530,1,2316.47,172.51,60.00,381.80
SHP-260825-00325,SHP-00102,2026-08-25 17:32:00 +0530,3,5179.92,425.95,60.00,751.18
SHP-260607-00326,SHP-00074,2026-06-07 14:49:00 +0530,1,1343.42,152.99,40.00,44.81
SHP-260526-00327,SHP-00112,2026-05-26 13:54:00 +0530,2,2739.70,23.93,0.00,211.98
SHP-260601-00328,SHP-00082,2026-06-01 11:45:00 +0530,1,2847.69,9.59,120.00,187.07
SHP-260612-00329,SHP-00010,2026-06-12 18:09:00 +0530,1,2928.52,346.63,60.00,355.78
SHP-260518-00330,SHP-00093,2026-05-18 20:11:00 +0530,1,766.66,97.82,120.00,31.78
SHP-260525-00331,SHP-00023,2026-05-25 16:41:00 +0530,1,4315.42,99.74,0.00,535.08
SHP-260714-00332,SHP-00004,2026-07-14 20:28:00 +0530,1,1983.37,144.81,120.00,237.09
SHP-260805-00333,SHP-00041,2026-08-05 11:23:00 +0530,2,3012.36,379.35,40.00,128.92
SHP-260515-00334,SHP-00068,2026-05-15 08:58:00 +0530,1,4918.11,245.03,0.00,261.12
SHP-260720-00335,SHP-00003,2026-07-20 19:43:00 +0530,1,198.28,1.17,0.00,17.53
SHP-260520-00336,SHP-00066,2026-05-20 09:53:00 +0530,1,961.15,42.57,120.00,86.30
SHP-260604-00337,SHP-00052,2026-06-04 08:07:00 +0530,1,1183.22,170.71,60.00,127.94
SHP-260516-00338,SHP-00081,2026-05-16 18:32:00 +0530,4,1518.32,213.28,40.00,49.81
SHP-260728-00339,SHP-00003,2026-07-28 16:57:00 +0530,1,203.86,4.24,40.00,7.09
SHP-260515-00340,SHP-00084,2026-05-15 12:39:00 +0530,2,3133.70,355.20,40.00,142.23
SHP-260726-00341,SHP-00069,2026-07-26 21:10:00 +0530,1,754.71,99.43,80.00,37.76
SHP-260622-00342,SHP-00101,2026-06-22 08:49:00 +0530,3,4417.02,210.76,120.00,656.39
SHP-260719-00343,SHP-00036,2026-07-19 15:21:00 +0530,2,1156.68,177.15,0.00,91.95
SHP-260715-00344,SHP-00074,2026-07-15 18:07:00 +0530,1,1210.98,23.07,120.00,176.34
SHP-260629-00345,SHP-00058,2026-06-29 20:51:00 +0530,1,931.51,2.12,0.00,58.01
SHP-260624-00346,SHP-00115,2026-06-24 12:15:00 +0530,4,9540.36,1526.25,0.00,1165.26
SHP-260729-00347,SHP-00021,2026-07-29 20:35:00 +0530,1,1215.75,2.66,40.00,210.97
SHP-260806-00348,SHP-00063,2026-08-06 13:50:00 +0530,1,277.73,4.23,80.00,32.61
SHP-260514-00349,SHP-00054,2026-05-14 09:16:00 +0530,1,1283.40,19.82,120.00,57.93
SHP-260519-00350,SHP-00084,2026-05-19 21:55:00 +0530,1,1528.40,242.75,80.00,69.72
SHP-260708-00351,SHP-00112,2026-07-08 21:05:00 +0530,3,4185.99,89.89,60.00,128.82
SHP-260512-00352,SHP-00058,2026-05-12 18:09:00 +0530,1,1008.54,142.01,0.00,132.44
SHP-260728-00353,SHP-00087,2026-07-28 15:14:00 +0530,1,284.76,16.83,60.00,27.03
SHP-260602-00354,SHP-00077,2026-06-02 16:48:00 +0530,1,1882.75,287.93,0.00,176.66
SHP-260612-00355,SHP-00103,2026-06-12 16:57:00 +0530,1,1536.01,140.68,60.00,49.90
SHP-260721-00356,SHP-00043,2026-07-21 21:48:00 +0530,1,883.62,110.46,0.00,92.56
SHP-260806-00357,SHP-00044,2026-08-06 12:25:00 +0530,1,4071.38,339.64,40.00,380.72
SHP-260703-00358,SHP-00044,2026-07-03 08:47:00 +0530,4,17355.36,1527.62,40.00,2300.13
SHP-260810-00359,SHP-00048,2026-08-10 11:45:00 +0530,1,1571.24,5.44,0.00,269.41
SHP-260502-00360,SHP-00011,2026-05-02 14:01:00 +0530,1,2532.42,134.62,120.00,252.59
SHP-260708-00361,SHP-00010,2026-07-08 13:57:00 +0530,2,5557.12,394.59,80.00,567.26
SHP-260729-00362,SHP-00081,2026-07-29 17:41:00 +0530,3,1181.52,114.03,60.00,119.32
SHP-260802-00363,SHP-00058,2026-08-02 20:03:00 +0530,2,2006.28,215.86,40.00,151.11
SHP-260505-00364,SHP-00065,2026-05-05 17:46:00 +0530,1,1927.24,58.38,40.00,120.60
SHP-260817-00365,SHP-00086,2026-08-17 11:20:00 +0530,1,1884.91,26.28,0.00,164.85
SHP-260713-00366,SHP-00088,2026-07-13 17:23:00 +0530,4,7273.64,150.44,40.00,500.13
SHP-260531-00367,SHP-00026,2026-05-31 11:06:00 +0530,2,2776.06,135.63,120.00,289.90
SHP-260607-00368,SHP-00082,2026-06-07 20:55:00 +0530,1,2765.73,132.02,120.00,166.38
SHP-260705-00369,SHP-00003,2026-07-05 09:07:00 +0530,1,219.02,31.31,0.00,31.37
SHP-260511-00370,SHP-00007,2026-05-11 13:58:00 +0530,1,3192.09,18.71,0.00,396.93
SHP-260516-00371,SHP-00014,2026-05-16 15:54:00 +0530,2,6595.72,379.15,120.00,194.62
SHP-260725-00372,SHP-00079,2026-07-25 20:47:00 +0530,1,2035.47,84.20,0.00,306.43
SHP-260824-00373,SHP-00050,2026-08-24 08:22:00 +0530,2,6808.40,1086.83,0.00,702.02
SHP-260819-00374,SHP-00075,2026-08-19 15:42:00 +0530,4,2781.00,274.18,80.00,409.10
SHP-260618-00375,SHP-00062,2026-06-18 14:53:00 +0530,1,1537.83,242.25,60.00,138.49
SHP-260722-00376,SHP-00002,2026-07-22 08:44:00 +0530,4,12567.92,648.79,80.00,1960.51
SHP-260615-00377,SHP-00012,2026-06-15 10:43:00 +0530,2,2252.08,291.48,0.00,145.22
SHP-260705-00378,SHP-00114,2026-07-05 12:03:00 +0530,3,2778.87,47.35,0.00,138.51
SHP-260704-00379,SHP-00021,2026-07-04 21:53:00 +0530,4,4570.84,613.09,120.00,420.83
SHP-260613-00380,SHP-00076,2026-06-13 14:22:00 +0530,2,1990.08,158.23,0.00,315.78
SHP-260726-00381,SHP-00011,2026-07-26 14:03:00 +0530,1,2406.97,271.42,120.00,286.45
SHP-260826-00382,SHP-00042,2026-08-26 21:02:00 +0530,1,1495.20,196.12,0.00,82.32
SHP-260525-00383,SHP-00058,2026-05-25 18:25:00 +0530,1,994.09,123.49,80.00,44.71
SHP-260817-00384,SHP-00021,2026-08-17 14:22:00 +0530,4,5095.88,118.51,60.00,485.95
SHP-260716-00385,SHP-00051,2026-07-16 12:28:00 +0530,2,1674.50,46.58,40.00,277.24
SHP-260602-00386,SHP-00007,2026-06-02 17:40:00 +0530,2,6443.74,939.74,0.00,968.35
SHP-260703-00387,SHP-00068,2026-07-03 17:22:00 +0530,1,4565.37,609.50,80.00,413.76
SHP-260506-00388,SHP-00049,2026-05-06 12:35:00 +0530,1,2455.87,160.46,0.00,146.26
SHP-260720-00389,SHP-00038,2026-07-20 21:33:00 +0530,1,2960.82,273.65,80.00,145.13
SHP-260504-00390,SHP-00111,2026-05-04 12:39:00 +0530,2,1100.84,31.87,0.00,106.31
SHP-260614-00391,SHP-00001,2026-06-14 08:32:00 +0530,1,752.81,28.40,80.00,51.47
SHP-260730-00392,SHP-00027,2026-07-30 15:23:00 +0530,3,1696.29,53.23,80.00,262.11
SHP-260823-00393,SHP-00096,2026-08-23 18:39:00 +0530,3,5059.53,215.29,0.00,581.33
SHP-260518-00394,SHP-00103,2026-05-18 08:26:00 +0530,1,1490.55,196.35,0.00,115.83
SHP-260505-00395,SHP-00031,2026-05-05 11:47:00 +0530,1,1911.03,139.99,40.00,269.97
SHP-260501-00396,SHP-00084,2026-05-01 19:16:00 +0530,2,3235.02,148.98,40.00,468.39
SHP-260710-00397,SHP-00024,2026-07-10 12:20:00 +0530,4,5862.92,852.70,80.00,240.82
SHP-260809-00398,SHP-00055,2026-08-09 12:00:00 +0530,2,3877.64,158.03,0.00,268.49
SHP-260515-00399,SHP-00101,2026-05-15 19:05:00 +0530,2,2962.62,327.75,0.00,99.68
SHP-260606-00400,SHP-00082,2026-06-06 15:42:00 +0530,4,10739.60,344.50,60.00,1674.09
